{"assets/.DS_Store":["assets/.DS_Store"],"assets/drawer_icon.jpeg":["assets/drawer_icon.jpeg"],"assets/images/detail/app_house.jpeg":["assets/images/detail/app_house.jpeg"],"assets/images/detail/church.jpeg":["assets/images/detail/church.jpeg"],"assets/images/detail/classroom.jpeg":["assets/images/detail/classroom.jpeg"],"assets/images/detail/cotton_processing.jpeg":["assets/images/detail/cotton_processing.jpeg"],"assets/images/detail/dinning.jpeg":["assets/images/detail/dinning.jpeg"],"assets/images/detail/exhibition_space.jpeg":["assets/images/detail/exhibition_space.jpeg"],"assets/images/detail/greg_drawing.jpeg":["assets/images/detail/greg_drawing.jpeg"],"assets/images/detail/greg_floor_plan.jpeg":["assets/images/detail/greg_floor_plan.jpeg"],"assets/images/detail/greg_house.jpeg":["assets/images/detail/greg_house.jpeg"],"assets/images/detail/machine.jpeg":["assets/images/detail/machine.jpeg"],"assets/images/detail/power_engine.gif":["assets/images/detail/power_engine.gif"],"assets/images/detail/shop.jpg":["assets/images/detail/shop.jpg"],"assets/images/detail/sleeping_room.jpeg":["assets/images/detail/sleeping_room.jpeg"],"assets/images/detail/styal_village.jpeg":["assets/images/detail/styal_village.jpeg"],"assets/images/detail/weaving_shed.gif":["assets/images/detail/weaving_shed.gif"],"assets/images/menu/.DS_Store":["assets/images/menu/.DS_Store"],"assets/images/menu/apprentice_house.jpg":["assets/images/menu/apprentice_house.jpg"],"assets/images/menu/church.jpg":["assets/images/menu/church.jpg"],"assets/images/menu/garden.jpg":["assets/images/menu/garden.jpg"],"assets/images/menu/greg_house.jpg":["assets/images/menu/greg_house.jpg"],"assets/images/menu/styal_village.jpg":["assets/images/menu/styal_village.jpg"],"assets/images/menu/the_mill.jpg":["assets/images/menu/the_mill.jpg"],"assets/images/svg/apprenticehouse.svg":["assets/images/svg/apprenticehouse.svg"],"assets/images/svg/grey/grey_apprenticehouse.svg":["assets/images/svg/grey/grey_apprenticehouse.svg"],"assets/images/svg/grey/grey_mill.svg":["assets/images/svg/grey/grey_mill.svg"],"assets/images/svg/grey/grey_quarrybankhouse.svg":["assets/images/svg/grey/grey_quarrybankhouse.svg"],"assets/images/svg/grey/grey_quiz_apphouse.svg":["assets/images/svg/grey/grey_quiz_apphouse.svg"],"assets/images/svg/grey/grey_quiz_mill.svg":["assets/images/svg/grey/grey_quiz_mill.svg"],"assets/images/svg/grey/grey_quiz_qbhouse.svg":["assets/images/svg/grey/grey_quiz_qbhouse.svg"],"assets/images/svg/grey/grey_quiz_villagechurch.svg":["assets/images/svg/grey/grey_quiz_villagechurch.svg"],"assets/images/svg/grey/grey_villageandchurch.svg":["assets/images/svg/grey/grey_villageandchurch.svg"],"assets/images/svg/mill.svg":["assets/images/svg/mill.svg"],"assets/images/svg/quarrybankhouse.svg":["assets/images/svg/quarrybankhouse.svg"],"assets/images/svg/quiz_apphouse.svg":["assets/images/svg/quiz_apphouse.svg"],"assets/images/svg/quiz_mill.svg":["assets/images/svg/quiz_mill.svg"],"assets/images/svg/quiz_qbhouse.svg":["assets/images/svg/quiz_qbhouse.svg"],"assets/images/svg/quiz_villagechurch.svg":["assets/images/svg/quiz_villagechurch.svg"],"assets/images/svg/villageandchurch.svg":["assets/images/svg/villageandchurch.svg"],"assets/mill_icon.png":["assets/mill_icon.png"],"assets/rive/.DS_Store":["assets/rive/.DS_Store"],"assets/rive/apprenticehouse.riv":["assets/rive/apprenticehouse.riv"],"assets/rive/mill.riv":["assets/rive/mill.riv"],"assets/rive/quarrybankhouse.riv":["assets/rive/quarrybankhouse.riv"],"assets/rive/quiz_apphouse.riv":["assets/rive/quiz_apphouse.riv"],"assets/rive/quiz_mill.riv":["assets/rive/quiz_mill.riv"],"assets/rive/quiz_qbhouse.riv":["assets/rive/quiz_qbhouse.riv"],"assets/rive/quiz_villagechurch.riv":["assets/rive/quiz_villagechurch.riv"],"assets/rive/villageandchurch.riv":["assets/rive/villageandchurch.riv"],"packages/cupertino_icons/assets/CupertinoIcons.ttf":["packages/cupertino_icons/assets/CupertinoIcons.ttf"]}